{"cameraMode":{"drawMode":0,"name":"Shaded","section":"Shading Mode"},"sceneLighting":true,"audioPlay":false,"sceneViewState":{"m_AlwaysRefresh":false,"showFog":true,"showSkybox":true,"showFlares":true,"showImageEffects":true,"showParticleSystems":true,"showVisualEffectGraphs":true,"m_FxEnabled":true},"in2DMode":false,"pivot":{"x":115.19999694824219,"y":3.5299997329711916,"z":101.22000122070313},"rotation":{"x":-0.06047406047582626,"y":-0.6950529217720032,"z":0.05903860181570053,"w":-0.7140631675720215},"size":3.640054941177368,"orthographic":false}